科目名,キャンパス,担当者名,授業実施形態,教室,曜日時限,開講場所
フランス語インテンシブ３FA,湘南藤沢,"宮代 康丈, ヴィアート， クロエ, デュレンベルジェ， ヴァンサン, 常盤 僚子",対面授業（主として対面授業）,"火2:ο15, 水2:ι22, 木3:ε15, 金1:ι22",火2/水2/木3/金1,SFC
中国語インテンシブ２CA,湘南藤沢,"華 金玲, 佐々木 聡, 楊 寧, リュウ ロ",対面授業（主として対面授業）,"月2:ε16, 火1:ε16, 水2:κ17, 金1:ι12",月2/火1/水2/金1,SFC
フランス語ベーシック２A,湘南藤沢,"山根 祐佳, マレシャル， ベアトリス",対面授業（主として対面授業）,"木3:κ22, 金3:λ16",木3/金3,SFC
研究会Ｂ,湘南藤沢,土屋 大洋,対面授業（主として対面授業）,κ17,月4,SFC
中国語ベーシック２CB,湘南藤沢,"辛 孟軻, 王 慧琴",対面授業（主として対面授業）,"月4:λ23, 水4:ι12",月4/水4,SFC
朝鮮語インテンシブ１,湘南藤沢,"高木 丈也, 金 南听, 徐 旻廷, 柳町 功",対面授業（主として対面授業）,"火2:ι12, 水2:ε16, 木2:κ12, 金1:κ21",火2/水2/木2/金1,SFC
朝鮮語インテンシブ２,湘南藤沢,"高木 丈也, 金 南听, 徐 旻廷",対面授業（主として対面授業）,"月3:λ24, 水2:ε15, 水3:ε15, 木3:κ13","月3/水2,3/木3",SFC
中国語ベーシック２CA,湘南藤沢,"辛 孟軻, 韓 氷",対面授業（主として対面授業）,"月3:λ23, 水4:ι13",月3/水4,SFC
ドイツ語スキル,湘南藤沢,クンスト， ダグマー,対面授業（主として対面授業）,κ13,月3,SFC
日本語スキル１Ｃ,湘南藤沢,山崎 哲,対面授業（主として対面授業）,ε23,金2,SFC
日本語スキル２Ｗ,湘南藤沢,山崎 哲,対面授業（主として対面授業）,ε23,金1,SFC
マレー・インドネシア語インテンシブ１,湘南藤沢,"二重作 和代, サントーソ， ペトルス, バンバン， ルディアント, フロレンティナ， エリカ Ａ．",対面授業（主として対面授業）,"月1:ε24, 火2:ε24, 水1:κ21, 木2:ε24",月1/火2/水1/木2,SFC
マレー・インドネシア語インテンシブ２,湘南藤沢,"野中 葉, サントーソ， ペトルス, 二重作 和代, フロレンティナ， エリカ Ａ．",対面授業（主として対面授業）,"火2:ε23, 水2:κ21, 木1:ε24, 金2:ι16",火2/水2/木1/金2,SFC
ドイツ語インテンシブ１GA,湘南藤沢,"マイヤー， アンドレアス, 小笠原 藤子, 中川 純子, 山田・クロッツ， マティアス　ダニエル",対面授業（主として対面授業）,"月1:κ13, 火2:κ17, 水1:κ16, 金2:κ14",月1/火2/水1/金2,SFC
スペイン語インテンシブ２,湘南藤沢,"藤田 護, ガルシア　ベルナル， カルメン, 小波津 ホセ, 新谷 ロクサナ",対面授業（主として対面授業）,"火1:λ18, 火2:λ18, 水1:λ14, 木2:λ16","火1,2/水1/木2",SFC
朝鮮語ベーシック１KA,湘南藤沢,"徐 旻廷, 中島 仁",対面授業（主として対面授業）,"月4:λ24, 水4:ε11",月4/水4,SFC
フランス語インテンシブ２FB,湘南藤沢,"澁谷 与文, ガイヤル， ニコラ, マレシャル， ベアトリス, 余語 毅憲",対面授業（主として対面授業）,"火2:ι13, 水2:ι21, 木2:λ17, 金2:λ16",火2/水2/木2/金2,SFC
スペイン語インテンシブ１,湘南藤沢,"新谷 ロクサナ, 小波津 ホセ, 手塚 進, 藤田 護",対面授業（主として対面授業）,"水1:λ16, 水2:λ16, 木2:ο15, 金1:λ17","水1,2/木2/金1",SFC
スペイン語スキルA,湘南藤沢,与那嶺 ディエゴフェルナンド,対面授業（主として対面授業）,ι17,火1,SFC
ドイツ語スキル,湘南藤沢,ホイサーマン， ペーター,対面授業（主として対面授業）,κ15,金3,SFC
ドイツ語スキル,湘南藤沢,ホイサーマン， ペーター,対面授業（主として対面授業）,κ15,金4,SFC
ドイツ語スキル,湘南藤沢,マイヤー， アンドレアス,対面授業（主として対面授業）,κ15,火3,SFC
日本語スキル１W,湘南藤沢,伴野 崇生,対面授業（主として対面授業）,ο16,水2,SFC
フランス語スキル(フランス語と市民性),湘南藤沢,倉舘 健一,対面授業（主として対面授業）,ε15,火4,SFC
中国語スキル(検定),湘南藤沢,王 慧琴,対面授業（主として対面授業）,ι12,水5,SFC
中国語スキル(会話),湘南藤沢,華 金玲,対面授業（主として対面授業）,ι18,火3,SFC
プロジェクト英語Ａ(Translation),湘南藤沢,ワイマン， ウォルター,対面授業（主として対面授業）,ε12,水1,SFC
アラビア語インテンシブ１,湘南藤沢,"アルマンスール， アフマド, 植村 さおり, 兼定 愛",対面授業（主として対面授業）,"火2:λ24, 水1:ε11, 木2:κ15, 金2:ε15",火2/水1/木2/金2,SFC
朝鮮語スキル(多文化),湘南藤沢,許 秦,対面授業（主として対面授業）,λ16,月4,SFC
プロジェクト英語Ａ(Presentation),湘南藤沢,ハースト， チャールズ,対面授業（主として対面授業）,ι17,月3,SFC;その他
プロジェクト英語ＣEC03(Writing)(GIGA/GG/GI),湘南藤沢,ホン， トゥアン,対面授業（主として対面授業）,ο18,火2,SFC
プロジェクト英語Ｂ(Writing),湘南藤沢,太田 理津子,対面授業（主として対面授業）,κ22,水1,SFC;その他
プロジェクト英語ＡEA03(Writing),湘南藤沢,ホン， トゥアン,対面授業（主として対面授業）,ο15,水2,SFC
プロジェクト英語ＡEA03(Presentation),湘南藤沢,ボンジー， アラーナ Ｒ．,対面授業（主として対面授業）,κ22,金2,SFC;その他
マレー・インドネシア語スキル(会話),湘南藤沢,サントーソ， ペトルス,対面授業（主として対面授業）,ε24,月3,SFC
アラビア語スキル,湘南藤沢,アルマンスール， アフマド,対面授業（主として対面授業）,ε12,水4,SFC
中国語スキル(文芸),湘南藤沢,韓 氷,対面授業（主として対面授業）,ι13,水3,SFC
プロジェクト英語Ｂ(Translation),湘南藤沢,ワイマン， ウォルター,対面授業（主として対面授業）,ι15,火3,SFC
中国語スキル(日中文化比較),湘南藤沢,宮本 大輔,対面授業（主として対面授業）,ι13,月3,SFC
朝鮮語スキル(リスニング),湘南藤沢,徐 旻廷,対面授業（主として対面授業）,ε16,水4,SFC
アラビア語スキル,湘南藤沢,ジャームース， ラーウィヤ,対面授業（主として対面授業）,λ18,金3,SFC
プロジェクト英語Ａ(Listening),湘南藤沢,ワイマン， ウォルター,対面授業（主として対面授業）,ι15,火2,SFC
プロジェクト英語Ｂ(Writing),湘南藤沢,ヤナギ， ルスワティ,対面授業（主として対面授業）,κ17,金3,SFC
プロジェクト英語ＡEA02(Presentation),湘南藤沢,グレイ， ジョージ,対面授業（主として対面授業）,ο11,水1,SFC
プロジェクト英語Ｂ(Oral Listening),湘南藤沢,オルファーズ， キース,対面授業（主として対面授業）,κ14,木2,SFC
プロジェクト英語ＣEC03(Heavy Metal)(GIGA/GG/GI),湘南藤沢,ヘニグマン， デイビッド,対面授業（主として対面授業）,ο18,金1,SFC
プロジェクト英語Ｂ(Project),湘南藤沢,山田 彬尭,対面授業（主として対面授業）,λ16,月2,SFC
プロジェクト英語Ａ(Reading),湘南藤沢,クベロ， ブライアン,対面授業（主として対面授業）,ο18,木1,SFC
日本語スキル２Ｃ,湘南藤沢,伴野 崇生,対面授業（主として対面授業）,λ14,火3,SFC
プロジェクト英語ＡEA01(Translation),湘南藤沢,狩俣 恵美,対面授業（主として対面授業）,κ16,木2,SFC
アラビア語スキル,湘南藤沢,山本 薫,対面授業（主として対面授業）,ι15,金2,SFC
プロジェクト英語Ｂ(Project),湘南藤沢,寺本 羽衣,対面授業（主として対面授業）,ε13,月3,SFC
プロジェクト英語Ａ(Presentation),湘南藤沢,ランド， ネリダ,対面授業（主として対面授業）,ι17,火5,SFC
プロジェクト英語ＢEB01(Writing),湘南藤沢,クベロ， ブライアン,対面授業（主として対面授業）,ε24,水1,SFC
プロジェクト英語ＡEA01(Listening),湘南藤沢,ベデロ， サイモン,対面授業（主として対面授業）,ο18,水2,SFC
スペイン語スキルB,湘南藤沢,高木 和子,対面授業（主として対面授業）,λ14,木2,SFC
プロジェクト英語Ｃ(Project)(GIGA/GG/GI),湘南藤沢,ボンジー， アラーナ Ｒ．,対面授業（主として対面授業）,ι16,火4,SFC;その他
プロジェクト英語Ｂ(Presentation),湘南藤沢,ランド， ネリダ,対面授業（主として対面授業）,ι17,火4,SFC
プロジェクト英語Ｃ(Translation)(GIGA/GG/GI),湘南藤沢,狩俣 恵美,対面授業（主として対面授業）,κ16,木3,SFC
プロジェクト英語Ｃ(Project)(GIGA/GG/GI),湘南藤沢,ベデロ， サイモン,対面授業（主として対面授業）,ο18,水1,SFC
心身ウェルネス【学期前半】(GIGA/GG/GI),湘南藤沢,"森 さち子, 黒川 隆徳, 島津 明人, 矢作 尚久",対面授業（主として対面授業）,κ23,月3,SFC
心身ウェルネス【学期前半】,湘南藤沢,"森 さち子, 小野田 直子, 貞安 元, 林 公輔, 矢作 尚久, 山内 慶太",対面授業（主として対面授業）,ι11,月3,SFC
プロジェクト英語Ｂ(Discussion/Presentation),湘南藤沢,狩野 みき,対面授業（主として対面授業）,ι14,火3,SFC;その他
プロジェクト英語ＢEB02(Critical Thinking),湘南藤沢,狩野 みき,対面授業（主として対面授業）,ι14,火2,SFC
プロジェクト英語ＢEB02(Writing),湘南藤沢,太田 理津子,対面授業（主として対面授業）,ο15,金1,SFC;その他
プロジェクト英語Ｂ(Writing),湘南藤沢,太田 理津子,対面授業（主として対面授業）,ο15,金2,SFC;その他
プロジェクト英語ＣEC01(Writing)(GIGA/GG/GI),湘南藤沢,太田 理津子,対面授業（主として対面授業）,κ22,水2,SFC;その他
プロジェクト英語Ｃ(Presentation)(GIGA/GG/GI),湘南藤沢,石渕 理恵子,対面授業（主として対面授業）,κ16,月3,SFC
プロジェクト英語Ｃ(Listening)(GIGA/GG/GI),湘南藤沢,ベデロ， サイモン,対面授業（主として対面授業）,ι16,火2,SFC
プロジェクト英語Ｃ(Presentation)(GIGA/GG/GI),湘南藤沢,ランド， ネリダ,対面授業（主として対面授業）,ι17,火3,SFC
プロジェクト英語Ｃ(Subcultures)(GIGA/GG/GI),湘南藤沢,ヘニグマン， デイビッド,対面授業（主として対面授業）,ο18,金2,SFC
プロジェクト英語Ｂ(Listening + Writing),湘南藤沢,サザーランド， サラ,対面授業（主として対面授業）,ι14,木3,SFC
言語とヒューマニティ,湘南藤沢,國枝 孝弘,対面授業（主として対面授業）,ι23,木2,SFC
プロジェクト英語Ｂ(Listening),湘南藤沢,中浜 優子,対面授業（主として対面授業）,λ24,木3,SFC
プロジェクト評価論,湘南藤沢,藤田 元信,対面授業（主として対面授業）,ε11,金3,SFC
エネルギー環境論,湘南藤沢,有野 洋輔,対面授業（主として対面授業）,τ12,金2,SFC
マスコミュニケーション【学期後半】,湘南藤沢,渡辺 将人,対面授業（主として対面授業）,κ18,"火2,3",SFC
プロジェクト英語Ｃ(Project)(GIGA/GG/GI),湘南藤沢,寺本 羽衣,対面授業（主として対面授業）,ε13,月4,SFC
創造システム理論,湘南藤沢,井庭 崇,対面授業（主として対面授業）,κ12,金1,SFC
外交と戦略(GIGA/GG),湘南藤沢,北川 敬三,対面授業（主として対面授業）,κ11,月1,SFC
芸術と科学,湘南藤沢,脇田 玲,対面授業（主として対面授業）,Ω21,月4,SFC
科学史,湘南藤沢,内藤 泰宏,対面授業（主として対面授業）,Ω12,金2,SFC
社会保障政策（医療・介護）,湘南藤沢,佐藤 豪竜,対面授業（主として対面授業）,τ11,火3,SFC
ミクロ経済２,湘南藤沢,飯島 大邦,オンライン授業（主としてリアルタイム形式）,,火1,その他
国際開発論(GIGA/GG),湘南藤沢,中室 牧子,対面授業（主として対面授業）,κ22,火3,その他
国際金融論,湘南藤沢,和田 龍磨,対面授業（主として対面授業）,Ω11,月2,SFC
国際企業論【学期前半】,湘南藤沢,琴坂 将広,対面授業（主として対面授業）,Ω11,"月3,4",SFC;その他
研究会Ａ,湘南藤沢,小林 博人,対面授業（主として対面授業）,ν棟-DNPﾊｳｽ,"月5,6",SFC;その他
サブカルチャーと社会認識,湘南藤沢,川田 健,対面授業（主として対面授業）,Ω11,金4,SFC
社会動態論【学期前半】,湘南藤沢,木原 盾,対面授業（主として対面授業）,λ17,"火1,2",SFC
まちづくり論,湘南藤沢,飯盛 義徳,対面授業（主として対面授業）,Ω11,火3,SFC
近代史,湘南藤沢,小熊 英二,対面授業（主として対面授業）,λ12,木1,その他
近代思想の世界,湘南藤沢,小熊 英二,オンライン授業（主としてリアルタイム形式）,,水2,その他
ゲーム理論,湘南藤沢,小澤 太郎,対面授業（主として対面授業）,Ω11,火1,SFC
国際関係論,湘南藤沢,福島 康仁,対面授業（主として対面授業）,ι23,月3,SFC
国際コミュニケーション,湘南藤沢,金 美林,対面授業（主として対面授業）,ε17,木2,SFC
都市計画とまちづくり【学期後半】,湘南藤沢,石山 さつき,対面授業（主として対面授業）,τ11,"金2,3",SFC
現代政治論(GIGA/GG),湘南藤沢,田中 浩一郎,対面授業（主として対面授業）,κ23,水1,SFC
基礎分子生物学４【学期後半】,湘南藤沢,内藤 泰宏,オンライン授業（主としてオンデマンド形式）,,土他,その他
地域と文化（アジア・大洋州）(GIGA/GG),湘南藤沢,サントーソ， ペトルス,対面授業（主として対面授業）,ε23,火3,SFC
生命と知能の進化,湘南藤沢,冨田 勝,オンライン授業（主としてリアルタイム形式）,,火3,その他
歴史と文明,湘南藤沢,鶴岡 路人,対面授業（主として対面授業）,ο11,木2,SFC;その他
研究会Ｂ(2),湘南藤沢,小熊 英二,対面授業（主として対面授業）,"λ23, λ25",木4,SFC
インターネットの設計と運用【学期後半】,湘南藤沢,中村 修,対面授業（主として対面授業）,τ12,"月4,5",SFC
ミクロ経済１,湘南藤沢,荒川 潔,対面授業（主として対面授業）,Ω11,火2,SFC
基礎分子生物学３【学期前半】,湘南藤沢,内藤 泰宏,オンライン授業（主としてオンデマンド形式）,,土他,その他
開発とローカリズム(GIGA/GG),湘南藤沢,藤田 護,対面授業（主として対面授業）,ο11,月2,SFC
研究会Ａ,湘南藤沢,牛山 潤一,対面授業（主として対面授業）,,"金1,2",その他
行政法演習,湘南藤沢,長谷川 福造,対面授業（主として対面授業）,ε12,金4,SFC;その他
情報通信セキュリティとプライバシー,湘南藤沢,武田 圭史,対面授業（主として対面授業）,ε11,木2,SFC
宗教と現代社会,湘南藤沢,"藁谷 郁美, 鈴木 無二",対面授業（主として対面授業）,ε22,金4,SFC
刑法,湘南藤沢,上田 正基,対面授業（主として対面授業）,θ,月3,SFC
情報法(GIGA/GG),湘南藤沢,新保 史生,対面授業（主として対面授業）,ε21,火3,SFC
ネットワーク産業論【学期前半】(GIGA/GG),湘南藤沢,國領 二郎,対面授業（主として対面授業）,ο12,"金4,5",SFC
ポピュレーションダイナミクス【学期後半】,湘南藤沢,木原 盾,対面授業（主として対面授業）,λ17,"火1,2",SFC
環境政策,湘南藤沢,和田 直樹,対面授業（主として対面授業）,ε21,月2,SFC;その他
政策立案論,湘南藤沢,石川 光泰,対面授業（主として対面授業）,κ11,金2,SFC;その他
研究会Ａ,湘南藤沢,宮垣 元,対面授業（主として対面授業）,ι11,"火4,5",SFC;その他
リフレクティブデザイン,湘南藤沢,加藤 文俊,対面授業（主として対面授業）,ε21,火2,SFC
韓国社会論,湘南藤沢,柳町 功,対面授業（主として対面授業）,κ12,木1,SFC
デザインと情報技術(GIGA/GI),湘南藤沢,"ラロ， サミュエル, 堀田 憲祐",対面授業（主として対面授業）,κ22,月2,SFC
比較体制論,湘南藤沢,廣瀬 陽子,対面授業（主として対面授業）,ε22,火2,SFC
英語コンテンツ,湘南藤沢,ボンジー， アラーナ Ｒ．,対面授業（主として対面授業）,ι16,火3,SFC
財政政策（国家）,湘南藤沢,金子 憲,対面授業（主として対面授業）,λ16,火3,SFC
財政政策（地方政府）,湘南藤沢,金子 憲,対面授業（主として対面授業）,λ16,火4,SFC
情報技術とマーケティング【学期前半】,湘南藤沢,桑原 武夫,対面授業（主として対面授業）,κ12,"火1,2",SFC;その他
韓国地域論,湘南藤沢,高木 丈也,対面授業（主として対面授業）,Ω22,木5,SFC;その他
地域論（フランス語圏）,湘南藤沢,ドマジ， サシャ,対面授業（主として対面授業）,ι17,木4,SFC
マレー社会論１,湘南藤沢,加藤 久美子,対面授業（主として対面授業）,ο11,金4,SFC
インドネシア文化論,湘南藤沢,野中 葉,対面授業（主として対面授業）,ο22,火4,SFC
現代文化探究（朝鮮語圏）,湘南藤沢,徐 旻廷,対面授業（主として対面授業）,κ21,金2,SFC
ファイナンス論,湘南藤沢,保田 隆明,対面授業（主として対面授業）,Ω22,月3,SFC
国際協力政策,湘南藤沢,戸川 正人,対面授業（主として対面授業）,λ18,水4,SFC
社会的組織の経営（ヘルスケア）【学期後半】,湘南藤沢,"秋山 美紀, 伴 英美子",対面授業（主として対面授業）,ι11,"月4,5",SFC;その他
地球環境政策,湘南藤沢,蟹江 憲史,対面授業（主として対面授業）,Ω11,木1,SFC
文化論（中国語圏）,湘南藤沢,鄭 浩瀾,対面授業（主として対面授業）,λ23,金3,SFC
韓国文化論,湘南藤沢,"柳町 功, 徐 旻廷, 高木 丈也",対面授業（主として対面授業）,ε12,火1,SFC
多文化社会論(GIGA/GG),湘南藤沢,馬場 わかな,対面授業（主として対面授業）,ε11,火3,SFC
スマートデバイスプログラミング,湘南藤沢,"和田 理彦, 杉山 雄一",対面授業（主として対面授業）,Ω12,月5,SFC
スペイン語インテンシブ３,湘南藤沢,"新谷 ロクサナ, 手塚 進, 与那嶺 ディエゴフェルナンド, ロサレス　シエラ， パトリシア",対面授業（主として対面授業）,"火2:ι17, 水1:λ17, 水2:λ17, 金3:ο12","火2/水1,2/金3",SFC
情報基礎２,湘南藤沢,榊原 寛,対面授業（主として対面授業）,ε17,"月4,5",SFC
スペイン語インテンシブ４,湘南藤沢,"新谷 ロクサナ, ガルシア　ベルナル， カルメン, プリエト， ベロニカ Ｍ．, ロサレス　シエラ， パトリシア",対面授業（主として対面授業）,"水1:λ18, 水2:λ18, 木1:λ17, 金2:ο12","水1,2/木1/金2",SFC
情報基礎２,湘南藤沢,杉浦 学,対面授業（主として対面授業）,κ18,"月4,5",SFC
情報基礎２,湘南藤沢,"小崎 信明, 伊藤 大生",対面授業（主として対面授業）,κ18,"水4,5",SFC
情報基礎２,湘南藤沢,山本 浩之,対面授業（主として対面授業）,κ18,"木4,5",SFC
情報基礎２,湘南藤沢,秋山 優,対面授業（主として対面授業）,ο17,"水4,5",SFC
情報基礎２,湘南藤沢,黄 文浩,対面授業（主として対面授業）,ο17,"金1,2",SFC
情報基礎２,湘南藤沢,宮本 賢良,対面授業（主として対面授業）,κ18,"水1,2",SFC
情報基礎２(ハイブリッド),湘南藤沢,上田 侑真,対面授業（主として対面授業）,ε17,水3,SFC
情報基礎２,湘南藤沢,守谷 元一,対面授業（主として対面授業）,ε17,"金1,2",SFC
情報基礎２,湘南藤沢,秋山 優,対面授業（主として対面授業）,ο17,"木4,5",SFC
情報基礎２,湘南藤沢,浜中 智己,対面授業（主として対面授業）,ι18,"月3,4",SFC
情報基礎２,湘南藤沢,池辺 正典,対面授業（主として対面授業）,ι18,"金1,2",SFC
情報基礎１(29)(GIGA/GG/GI),湘南藤沢,興野 悠太郎,対面授業（主として対面授業）,ε21,"水4,5",SFC
情報基礎１(再履修者用),湘南藤沢,大前 学,対面授業（主として対面授業）,κ11,"火1,2",SFC
情報基礎２,湘南藤沢,石原 匠,対面授業（主として対面授業）,ο17,"火4,5",SFC
情報基礎２,湘南藤沢,佐橘 一旗,対面授業（主として対面授業）,ε17,"水1,2",SFC
研究会Ｂ(1),湘南藤沢,宮代 康丈,対面授業（主として対面授業）,ι22,金4,SFC
研究会Ｂ(2),湘南藤沢,宮代 康丈,対面授業（主として対面授業）,ο15,火4,SFC
情報基礎２,湘南藤沢,阿部 涼介,対面授業（主として対面授業）,ι18,"火1,2",SFC
情報基礎２,湘南藤沢,玉川 直世,対面授業（主として対面授業）,ε17,"木4,5",SFC
プロジェクト英語Ａ(Debate),湘南藤沢,ヤナギ， ルスワティ,対面授業（主として対面授業）,κ13,水3,SFC
研究会Ｂ(1),湘南藤沢,小熊 英二,対面授業（主として対面授業）,"λ23, λ25",木3,SFC
都市計画とまちづくり,湘南藤沢,横山 大輔,対面授業（主として対面授業）,κ23,金1,SFC
研究会Ａ,湘南藤沢,横山 大輔,対面授業（主として対面授業）,ο16,"木3,4",SFC;その他
デザイン観察基礎【学期前半】(GIGA/GG/GI),湘南藤沢,鳴川 肇,対面授業（主として対面授業）,βｽﾀｼﾞｵ,"木1,2",SFC
研究会Ａ,湘南藤沢,石川 初,対面授業（主として対面授業）,ο11,"月4,5",SFC
ノーテーションと表現【学期後半】,湘南藤沢,鳴川 肇,対面授業（主として対面授業）,βｽﾀｼﾞｵ,"木1,2",SFC
イスラーム世界入門,湘南藤沢,田中 浩一郎,対面授業（主として対面授業）,ο22,月1,SFC
スチューデントビルドキャンパス（ＳＢＣ）実践,湘南藤沢,小林 博人,対面授業（主として対面授業）,βﾄﾞｰﾑ,"金6,7",SFC
マッピングイメージデザイン【学期前半】,湘南藤沢,石川 初,対面授業（主として対面授業）,ι11,"火1,2",SFC;その他
イメージと精神分析,湘南藤沢,森 さち子,対面授業（主として対面授業）,ο11,火4,SFC;その他
生命動態のデータサイエンス[DS2](GIGA/GG/GI),湘南藤沢,鈴木 治夫,対面授業（主として対面授業）,ο17,火2,SFC
スポーツエンジニアリング,湘南藤沢,仰木 裕嗣,対面授業（主として対面授業）,ι23,金1,SFC;その他
ゲノム分子生物学２(TTCK),湘南藤沢,"金井 昭夫, 河野 暢明, 齊藤 康弘",対面授業（主として対面授業）,,木2,TTCK
科学技術政策(GIGA/GG),湘南藤沢,藤田 元信,対面授業（主として対面授業）,ι12,木3,SFC
オープンデザイン戦略【学期後半】(GIGA/GI),湘南藤沢,田中 浩也,オンライン授業（主としてリアルタイム形式）,,"月3,4",その他
オープンデザイン実践【学期前半】,湘南藤沢,"高汐 一紀, 浅井 智也, 瀧田 佐登子",対面授業（主として対面授業）,ι18,"木2,3",SFC;その他
アントレプレナー概論１(寄附講座),湘南藤沢,"飯盛 崇, 飯盛 義徳",対面授業（主として対面授業）,Ω22,木2,SFC
スポーツバイオメカニクス,湘南藤沢,仰木 裕嗣,対面授業（主として対面授業）,ο11,木1,SFC
知覚運動スキル論,湘南藤沢,加藤 貴昭,対面授業（主として対面授業）,Ω11,金2,SFC;その他
ランドスケープエコロジー,湘南藤沢,一ノ瀬 友博,対面授業（主として対面授業）,ο21,火1,SFC
日独社会研究（ドイツ語圏）,湘南藤沢,グラスミュック， マルクス,オンライン授業（主としてリアルタイム形式）,,月5,その他
ユビキタスサービス論,湘南藤沢,三宅 陽一郎,対面授業（主として対面授業）,ο22,月6,SFC
環境センシング論,湘南藤沢,堺 正太朗,対面授業（主として対面授業）,Ω21,月5,SFC;その他
環境リスク科学(GIGA/GI),湘南藤沢,ショウ， ラジブ,対面授業（主として対面授業）,ε16,月3,SFC
エコシステム評価論,湘南藤沢,厳 網林,対面授業（主として対面授業）,ι12,月3,SFC
プログラミング言語論(GIGA/GI),湘南藤沢,服部 隆志,対面授業（主として対面授業）,τ12,月2,SFC
応用認知科学【学期後半】,湘南藤沢,小俣 貴宣,対面授業（主として対面授業）,κ22,"金4,5",SFC;その他
地域協働とフィールドワーク(寄附講座),湘南藤沢,"市川 享子, 宮垣 元",対面授業（主として対面授業）,ε17,火3,SFC
アジアワークショップ(GIGA/GG),湘南藤沢,"ヴ， レ　タオ　チ, ナヴァロ フンジンスキ",対面授業（主として対面授業）,λ13,火3,SFC;その他
知識処理論,湘南藤沢,青山 敦,オンライン授業（主としてリアルタイム形式）,,木2,その他
生命現象と現実社会の比較論,湘南藤沢,黒田 裕樹,対面授業（主として対面授業）,Ω11,金3,SFC
日本史概説,湘南藤沢,日朝 秀宜,対面授業（主として対面授業）,κ12,水1,SFC
世界史概説,湘南藤沢,遠藤 吉宗,対面授業（主として対面授業）,λ23,月5,SFC
地域計画実践論(GIGA/GG),湘南藤沢,ショウ， ラジブ,対面授業（主として対面授業）,κ13,火1,SFC
情報セキュリティマネジメント,湘南藤沢,筒井 淳平,対面授業（主として対面授業）,ι18,木6,SFC
ヒューマンセキュリティ,湘南藤沢,渡辺 靖,対面授業（主として対面授業）,λ17,月2,SFC
研究開発と組織,湘南藤沢,清水 たくみ,対面授業（主として対面授業）,κ22,火2,SFC
量子情報処理,湘南藤沢,バンミーター， ロドニー Ｄ．,対面授業（主として対面授業）,ι11,月2,SFC
分子栄養学と健康(GIGA/GI),湘南藤沢,渡辺 光博,対面授業（主として対面授業）,κ11,金4,SFC;その他
細胞レベルの生命科学による革新,湘南藤沢,黒田 裕樹,対面授業（主として対面授業）,Ω11,火4,SFC
ヘルスリサーチの基礎【学期前半】,湘南藤沢,"秋山 美紀, 牛山 潤一, 黒田 裕樹, 佐藤 豪竜, 島津 明人, 内藤 泰宏",対面授業（主として対面授業）,Ω22,"月4,5",SFC;その他
研究会Ａ,湘南藤沢,神保 謙,対面授業（主として対面授業）,ι12,"木4,5",SFC
物理・化学基礎,湘南藤沢,楠本 博之,対面授業（主として対面授業）,Ω21,火1,SFC
未来構想ワークショップ【学期前半】,湘南藤沢,矢作 尚久,対面授業（主として対面授業）,κ23,"月4,5",SFC
リーガルワークショップ【学期後半】(GIGA/GG/GI),湘南藤沢,マラケ， カタリナ,オンライン授業（主としてリアルタイム形式）,,"水4,5",その他
フランス語コンテンツ,湘南藤沢,ドマジ， サシャ,対面授業（主として対面授業）,ι17,木4,SFC
古典と現在,湘南藤沢,清水 唯一朗,対面授業（主として対面授業）,ι12,木2,SFC
研究会Ａ,湘南藤沢,中西 泰人,対面授業（主として対面授業）,"火5:λ24, 木5:κ21",火5/木5,SFC;その他
研究会Ａ,湘南藤沢,廣瀬 陽子,対面授業（主として対面授業）,ι15,"火4,5",SFC
ドイツ語コンテンツ,湘南藤沢,グラスミュック， マルクス,オンライン授業（主としてリアルタイム形式）,,月5,その他
中国語インテンシブ２CC,湘南藤沢,"新田 順一, 郭 夢ギョウ, 宮本 大輔, 楊 洲",対面授業（主として対面授業）,"月2:ε15, 火1:ε15, 水2:ο12, 金1:ε11",月2/火1/水2/金1,SFC
自然環境論,湘南藤沢,一ノ瀬 友博,対面授業（主として対面授業）,ο22,火3,SFC
視覚メディア表現,湘南藤沢,脇田 玲,対面授業（主として対面授業）,λ21,金4,SFC
ヒューマンコンピュータインタラクション,湘南藤沢,中西 泰人,対面授業（主として対面授業）,λ25,火2,SFC
中国語インテンシブ４CA,湘南藤沢,"鄭 浩瀾, 郭 夢ギョウ, 嚴 馥, 華 金玲",対面授業（主として対面授業）,"月1:ε15, 火2:ε15, 水2:ι17, 金2:ε18",月1/火2/水2/金2,SFC
アラビア語インテンシブ２,湘南藤沢,"山本 薫, アルマンスール， アフマド, 植村 さおり, ジャームース， ラーウィヤ",対面授業（主として対面授業）,"火1:λ24, 水2:ε11, 木2:κ13, 金2:λ18",火1/水2/木2/金2,SFC
運動の生理と心理【学期後半】,湘南藤沢,牛山 潤一,対面授業（主として対面授業）,Ω11,"月4,5",SFC
中国語コンテンツ,湘南藤沢,鄭 浩瀾,対面授業（主として対面授業）,λ23,金3,SFC
朝鮮語コンテンツ,湘南藤沢,徐 旻廷,対面授業（主として対面授業）,κ21,金2,SFC
政治哲学（現代）,湘南藤沢,宮代 康丈,対面授業（主として対面授業）,κ23,金2,SFC
研究会Ｂ(1),湘南藤沢,植原 啓介,対面授業（主として対面授業）,ι11,月6,SFC;その他
研究会Ａ,湘南藤沢,鳴川 肇,対面授業（主として対面授業）,βｽﾀｼﾞｵ,"木5,6",SFC
線形代数[DS1](GIGA/GG/GI),湘南藤沢,山口 健太朗,オンライン授業（主としてリアルタイム形式）,,月6,その他
研究会Ｂ(1),湘南藤沢,藤田 護,対面授業（主として対面授業）,λ407,金4,SFC
研究会Ｂ(2),湘南藤沢,藤田 護,対面授業（主として対面授業）,λ407,木5,SFC
研究会Ｂ(2),湘南藤沢,植原 啓介,対面授業（主として対面授業）,ο12,火5,SFC;TTCK
研究会Ｂ(1),湘南藤沢,和田 龍磨,対面授業（主として対面授業）,ε13,火2,SFC
医療・健康のデータサイエンス[DS2](GIGA/GG/GI),湘南藤沢,竹内 円雅,オンライン授業（主としてリアルタイム形式）,,水6,SFC
デザインとプログラミング,湘南藤沢,田所 淳,対面授業（主として対面授業）,Ω11,金5,SFC
情報基礎１(28)(GIGA/GG/GI),湘南藤沢,ルーク， コリー Ｔ．,対面授業（主として対面授業）,ο17,"月4,5",SFC
研究会Ｂ(2),湘南藤沢,和田 龍磨,対面授業（主として対面授業）,κ21,木2,SFC
研究会Ｂ(1),湘南藤沢,琴坂 将広,対面授業（主として対面授業）,κ11,月6,SFC
研究会Ｂ(2),湘南藤沢,琴坂 将広,対面授業（主として対面授業）,κ11,月5,SFC
スチューデントビルドキャンパス（ＳＢＣ）実践（建築Ａ）【学期前半】,湘南藤沢,"松川 昌平, 西願 公登",対面授業（主として対面授業）,βｽﾀｼﾞｵ,"金3,4",SFC
研究会Ｂ(1),湘南藤沢,野中 葉,対面授業（主として対面授業）,ι16,火5,SFC
微分・積分[DS1](GIGA/GG/GI),湘南藤沢,青山 敦,対面授業（主として対面授業）,ο12,火2,SFC
データ・ドリブン社会の創発と戦略(GIGA),湘南藤沢,安宅 和人,対面授業（主として対面授業）,ο21,木2,SFC
統計基礎[DS1](GIGA/GG/GI),湘南藤沢,竹内 円雅,オンライン授業（主としてリアルタイム形式）,,火6,SFC
研究会Ｂ(2),湘南藤沢,野中 葉,対面授業（主として対面授業）,ι16,金5,SFC
研究会Ａ,湘南藤沢,トレース， ジョナサン Ｗ．,対面授業（主として対面授業）,ο13,"木3,4",SFC
データ・ドリブン社会の創発と戦略（応用）,湘南藤沢,安宅 和人,対面授業（主として対面授業）,τ12,水2,SFC
トップスポーツ論【学期後半】,湘南藤沢,水鳥 寿思,オンライン授業（主としてリアルタイム形式）,,"火3,4",その他
多国籍経営論【学期前半】(GIGA/GG),湘南藤沢,琴坂 将広,対面授業（主として対面授業）,ο22,"水1,2",SFC;その他
データビジネス創造Ａ【学期前半】,湘南藤沢,"植原 啓介, 古谷 知之",対面授業（主として対面授業）,ε22,月2,SFC
マレー・インドネシア語スキル(読解),湘南藤沢,野中 葉,対面授業（主として対面授業）,ι16,金3,SFC
機械と材料工学(GIGA),湘南藤沢,アルマンスール， アフマド,対面授業（主として対面授業）,ε22,木2,SFC
デジタル信号処理の基礎,湘南藤沢,三次 仁,対面授業（主として対面授業）,ε23,月2,SFC
研究会Ｂ(1),湘南藤沢,西川 葉澄,対面授業（主として対面授業）,ε24,木4,SFC
研究会Ｂ(2),湘南藤沢,西川 葉澄,対面授業（主として対面授業）,ε13,金4,SFC
研究会Ｂ(1),湘南藤沢,荒川 和晴,対面授業（主として対面授業）,ε22,金5,SFC;TTCK;その他
情報基礎２,湘南藤沢,中村 太戯留,対面授業（主として対面授業）,κ18,"金4,5",SFC
研究会Ａ,湘南藤沢,仲谷 正史,対面授業（主として対面授業）,ι21,"木3,4",SFC
統計解析[DS2](GIGA/GG/GI),湘南藤沢,トレース， ジョナサン Ｗ．,対面授業（主として対面授業）,ο18,火4,SFC
プロジェクト英語Ｂ(Listening),湘南藤沢,ワイマン， ウォルター,対面授業（主として対面授業）,ι13,木1,SFC
セキュリティ総論Ｄ,湘南藤沢,"武田 圭史, 猪俣 敦夫, 衛藤 将史, 砂原 秀樹",オンライン授業（主としてリアルタイム形式）,,水5,その他
中国語インテンシブ３CA,湘南藤沢,"嚴 馥, 郭 嘉イ, 金牧 功大, 宮本 大輔",対面授業（主として対面授業）,"月1:ι13, 火2:ε16, 水1:ι17, 金2:ε11",月1/火2/水1/金2,SFC
研究会Ｂ(1),湘南藤沢,矢作 尚久,対面授業（主として対面授業）,κ16,月1,SFC
研究会Ｂ(2),湘南藤沢,鈴木 治夫,対面授業（主として対面授業）,ε22,火5,SFC;TTCK;その他
研究会Ａ,湘南藤沢,ショウ， ラジブ,対面授業（主として対面授業）,ε16,"月4,5",SFC
研究会Ｂ(1),湘南藤沢,鈴木 治夫,対面授業（主として対面授業）,ε22,金5,SFC;TTCK;その他
研究会Ａ,湘南藤沢,白井 裕子,対面授業（主として対面授業）,ι22,"月1,2",SFC;その他
研究会Ｂ(1),湘南藤沢,マイヤー， アンドレアス,対面授業（主として対面授業）,κ16,月4,SFC
研究会Ａ,湘南藤沢,田中 浩一郎,対面授業（主として対面授業）,ο21,"月3,4",SFC;その他
データビジネス創造Ｂ【学期後半】,湘南藤沢,"植原 啓介, 古谷 知之",対面授業（主として対面授業）,ε22,月2,SFC
研究会Ｂ(2),湘南藤沢,矢作 尚久,対面授業（主として対面授業）,κ16,月2,SFC
音楽と脳(GIGA/GI),湘南藤沢,藤井 進也,対面授業（主として対面授業）,θ,木3,SFC
労働法,湘南藤沢,海野 敦史,オンライン授業（主としてリアルタイム形式）,,火6,その他
研究会Ｂ(2),湘南藤沢,渡辺 靖,対面授業（主として対面授業）,λ25,火1,SFC;その他
研究会Ｂ(1),湘南藤沢,川島 英之,対面授業（主として対面授業）,κ23,火3,SFC
研究会Ｂ(2),湘南藤沢,川島 英之,対面授業（主として対面授業）,κ23,火4,SFC
研究会Ｂ(1),湘南藤沢,渡辺 靖,対面授業（主として対面授業）,λ25,月5,SFC;その他
情報基礎２,湘南藤沢,赤間 滉星,対面授業（主として対面授業）,ο12,"月4,5",SFC
スペイン語コンテンツ,湘南藤沢,藤田 護,対面授業（主として対面授業）,λ16,木3,SFC
第二言語習得と外国語教育入門(GIGA/GG),湘南藤沢,中浜 優子,対面授業（主として対面授業）,λ13,木4,SFC;その他
研究会Ａ,湘南藤沢,宮本 佳明,対面授業（主として対面授業）,ι12,"火4,5",SFC
地域と文化（スペイン語圏）,湘南藤沢,藤田 護,対面授業（主として対面授業）,λ16,木3,SFC
ソフトウェア技術を利用した創造的サービス構築論（応用）(寄附講座),湘南藤沢,"バンミーター， ロドニー Ｄ．, 岡田 和也, 関谷 勇司",対面授業（主として対面授業）,τ11,火5,SFC
大規模データシステム論(GIGA/GI),湘南藤沢,川島 英之,対面授業（主として対面授業）,ι11,木1,SFC
統計解析[DS2],湘南藤沢,"古谷 知之, 中島 有希大",対面授業（主として対面授業）,Ω12,火3,SFC
統計基礎[DS1],湘南藤沢,"古谷 知之, 中島 有希大",対面授業（主として対面授業）,Ω12,火2,SFC
研究会Ｂ(2),湘南藤沢,馬場 わかな,対面授業（主として対面授業）,κ21,金4,SFC
企業経営,湘南藤沢,上山 信一,対面授業（主として対面授業）,Ω12,月3,SFC
研究会Ｂ(1),湘南藤沢,馬場 わかな,対面授業（主として対面授業）,λ18,月4,SFC
研究会Ａ,湘南藤沢,安宅 和人,対面授業（主として対面授業）,ε11,"木3,4",SFC;その他
日本語インテンシブ初級１A,湘南藤沢,"伴野 崇生, 鈴木 理子",対面授業（主として対面授業）,"火1:λ14, 火2:λ14, 金1:ε24, 金2:ε24","火1,2/金1,2",SFC
研究会Ａ,湘南藤沢,加茂 具樹,対面授業（主として対面授業）,κ14,"火4,5",SFC
研究会Ｂ(1),湘南藤沢,古谷 知之,対面授業（主として対面授業）,ι21,月2,SFC
研究会Ｂ(2),湘南藤沢,古谷 知之,対面授業（主として対面授業）,ι21,月3,SFC
日本語インテンシブ初級２B,湘南藤沢,"白頭 宏美, 佐藤 貴仁",対面授業（主として対面授業）,"水1:κ11, 水2:κ11, 金1:ε12, 金2:ε12","水1,2/金1,2",SFC
オブジェクト指向プログラミング基礎,湘南藤沢,箕原 辰夫,対面授業（主として対面授業）,τ11,木4,SFC;その他
研究会Ｂ(1),湘南藤沢,高木 丈也,対面授業（主として対面授業）,κ13,木4,SFC
研究会Ｂ(2),湘南藤沢,高木 丈也,対面授業（主として対面授業）,ι12,火3,SFC
研究会Ｂ(1),湘南藤沢,藤井 進也,対面授業（主として対面授業）,ι11,火3,SFC
アルゴリズムサイエンス[DS2](GIGA/GG/GI),湘南藤沢,川島 英之,対面授業（主として対面授業）,ι11,金1,SFC
研究会Ｂ(1),湘南藤沢,山本 薫,対面授業（主として対面授業）,κ14,木4,SFC
研究会Ｂ(2),湘南藤沢,山本 薫,対面授業（主として対面授業）,ι15,金4,SFC
政策過程論(GIGA/GG),湘南藤沢,川口 航史,対面授業（主として対面授業）,ε23,火4,SFC
研究会Ｂ(2),湘南藤沢,藤井 進也,対面授業（主として対面授業）,λ21,金5,SFC
エビデンスに基づく健康政策とコミュニケーション(GIGA/GG),湘南藤沢,佐藤 豪竜,オンライン授業（主としてリアルタイム形式）,,火1,SFC;その他
改革とイノベーション,湘南藤沢,上山 信一,対面授業（主として対面授業）,ο22,月2,SFC
プロジェクト英語Ａ(Writing),湘南藤沢,ホン， トゥアン,対面授業（主として対面授業）,ο15,水3,SFC
バイオインフォマティクスのデータサイエンス[DS2],湘南藤沢,鈴木 治夫,対面授業（主として対面授業）,ο17,火3,SFC;その他
日常生活に活かすストレスマネジメント(GIGA),湘南藤沢,島津 明人,対面授業（主として対面授業）,τ31,火2,SFC
産業保健心理学【学期後半】,湘南藤沢,島津 明人,対面授業（主として対面授業）,ε17,"火4,5",SFC
ＳＤＧｓと金融(寄附講座),湘南藤沢,"蟹江 憲史, 井上 雄介",対面授業（主として対面授業）,ι23,水2,SFC
研究会Ａ,湘南藤沢,三次 仁,対面授業（主として対面授業）,ι14,"木4,5",SFC
プロジェクト英語Ｃ(Speaking)(GIGA/GG/GI),湘南藤沢,ハイ， キャメロン Ｉ．,対面授業（主として対面授業）,λ23,木1,SFC;その他
フランス語ベーシック１FB,湘南藤沢,"余語 毅憲, シルヴァ， ソニア Ｓ．",対面授業（主として対面授業）,"水3:ι21, 金3:κ13",水3/金3,SFC
研究会Ｂ(1),湘南藤沢,新谷 ロクサナ,対面授業（主として対面授業）,λ17,水4,SFC
政策形成とメディア,湘南藤沢,"藤井 彰夫, 西條 都夫, 斉藤 徹弥, 坂井 光, 菅野 幹雄, 高橋 徹, 田中 暁人, 中澤 克二, 松尾 博文, 峯岸 博, 柳瀬 和央",対面授業（主として対面授業）,Ω12,金5,SFC
データセキュリティ,湘南藤沢,甲斐 賢,対面授業（主として対面授業）,ε12,火5,SFC
研究会Ｂ(1),湘南藤沢,アルマンスール， アフマド,対面授業（主として対面授業）,ε22,木3,SFC
データ×ＡＩ・アート・デザイン時代のテキスト処理,湘南藤沢,東中 竜一郎,オンライン授業（主としてリアルタイム形式）,,水2,その他
情報通信技術展開政策,湘南藤沢,海野 敦史,対面授業（主として対面授業）,κ21,火3,SFC
朝鮮語スキル(読解),湘南藤沢,柳町 功,対面授業（主として対面授業）,ε13,火3,SFC
プロジェクト英語Ｃ(Oral Listening)(GIGA/GG/GI),湘南藤沢,グレイ， ジョージ,対面授業（主として対面授業）,ο11,水2,SFC
スポーツマネジメント,湘南藤沢,松橋 崇史,対面授業（主として対面授業）,κ23,木2,SFC
地方自治論(GIGA/GG),湘南藤沢,篠原 舟吾,対面授業（主として対面授業）,ε23,金3,SFC
日本語インテンシブ２B,湘南藤沢,"富岡 花, 甲斐 晶子",対面授業（主として対面授業）,"水1:ο21, 水2:ο21, 金1:λ24, 金2:λ24","水1,2/金1,2",SFC
プロジェクト英語Ｃ(Project)(GIGA/GG/GI),湘南藤沢,トレース， ジョナサン Ｗ．,対面授業（主として対面授業）,ο13,火3,SFC
感情と行動のコンピューティング,湘南藤沢,大越 匡,対面授業（主として対面授業）,κ12,金2,SFC
研究会Ｂ(1),湘南藤沢,篠原 舟吾,対面授業（主として対面授業）,λ16,木4,SFC
研究会Ｂ(2),湘南藤沢,篠原 舟吾,対面授業（主として対面授業）,λ16,木5,SFC;その他
方法論探究,湘南藤沢,篠原 舟吾,対面授業（主として対面授業）,ι23,火4,SFC
研究会Ｂ(1),湘南藤沢,大越 匡,対面授業（主として対面授業）,ο22,木4,SFC
研究会Ｂ(2),湘南藤沢,大越 匡,対面授業（主として対面授業）,ο22,木5,SFC
研究会Ａ,湘南藤沢,長谷川 福造,対面授業（主として対面授業）,λ13,"火4,5",SFC
基礎分子生物学３【学期前半】(GIGA/GG/GI),湘南藤沢,内藤 泰宏,オンライン授業（主としてオンデマンド形式）,,土他,その他
基礎分子生物学４【学期後半】(GIGA/GG/GI),湘南藤沢,内藤 泰宏,オンライン授業（主としてオンデマンド形式）,,土他,その他
アラビア語スキル,湘南藤沢,ハディ， ハーニ,対面授業（主として対面授業）,ε18,木2,SFC
外交と戦略,湘南藤沢,北川 敬三,対面授業（主として対面授業）,κ11,月2,SFC
研究会Ａ,湘南藤沢,森 さち子,対面授業（主として対面授業）,ο11,"火2,3",SFC
公共哲学実践,湘南藤沢,金杉 朋子,対面授業（主として対面授業）,ι11,木2,SFC
槇文彦建築とアーバニズム思想(寄附講座),湘南藤沢,"小林 博人, 池田 靖史, 大沼 徹, 渡部 葉子",対面授業（主として対面授業）,槇文彦ﾙｰﾑ,火1,SFC
スクリプト言語プログラミング基礎,湘南藤沢,箕原 辰夫,対面授業（主として対面授業）,τ11,木5,SFC;その他
知識編纂の技法－２【学期後半】,湘南藤沢,広野 彩子,対面授業（主として対面授業）,ο22,"水4,5",SFC
研究会Ｂ(1),湘南藤沢,華 金玲,対面授業（主として対面授業）,ι18,火4,SFC
研究会Ｂ(1),湘南藤沢,東海林 祐子,対面授業（主として対面授業）,ε21,木3,SFC
研究会Ｂ(2),湘南藤沢,東海林 祐子,対面授業（主として対面授業）,ε21,木4,SFC;その他
研究会Ｂ(1),湘南藤沢,平山 明由,対面授業（主として対面授業）,ε22,金5,SFC;TTCK;その他
研究会Ｂ(1),湘南藤沢,鶴岡 路人,対面授業（主として対面授業）,ο21,木5,SFC;その他
研究会Ｂ(2),湘南藤沢,鶴岡 路人,対面授業（主として対面授業）,ο21,木4,SFC;その他
選択と自由(GIGA/GG/GI),湘南藤沢,ヴ， レ　タオ　チ,対面授業（主として対面授業）,ο11,金2,SFC
不動産デザイン２(寄附講座),湘南藤沢,"小林 博人, 上田 真路",対面授業（主として対面授業）,ο22,月4,SFC;その他
ロシア語ベーシック２,湘南藤沢,"田中 孝史, 後藤 クセーニヤ",対面授業（主として対面授業）,"月4:κ21, 水2:ο13",月4/水2,SFC
研究会Ａ,湘南藤沢,水鳥 寿思,対面授業（主として対面授業）,λ13,"月1,2",SFC
トラステッド・インターネット概論(寄附講座),湘南藤沢,"鈴木 茂哉, 阿部 涼介, 植原 啓介, 黒坂 達也",対面授業（主として対面授業）,ο11,木3,SFC
研究会Ｂ(1),湘南藤沢,杉本 昌弘,対面授業（主として対面授業）,,火6,SFC;TTCK;その他
研究会Ｂ(1),湘南藤沢,河野 暢明,対面授業（主として対面授業）,,金5,SFC;TTCK;その他
ロシア語インテンシブ２,湘南藤沢,"田中 孝史, 後藤 クセーニヤ, シラヴァ， スヴィトラーナ",対面授業（主として対面授業）,"水3:ο13, 木2:κ17, 木3:κ17, 金3:ι13","水3/木2,3/金3",SFC
量子インターネット(GIGA/GI),湘南藤沢,バンミーター， ロドニー Ｄ．,対面授業（主として対面授業）,ι11,月1,SFC;その他
情報理論[DS2],湘南藤沢,金沢 篤,オンライン授業（主としてリアルタイム形式）,,金1,SFC;その他
スポーツによる地域振興(寄附講座),湘南藤沢,"神成 淳司, 信朝 裕行",対面授業（主として対面授業）,κ12,水2,SFC
顧客基点のデジタルトランスフォーメーション実践(寄附講座),湘南藤沢,"中村 慎之祐, 琴坂 将広",対面授業（主として対面授業）,Ω22,木4,SFC
海洋安全保障と海上法執行(GIGA),湘南藤沢,古谷 健太郎,対面授業（主として対面授業）,κ11,月3,SFC
実践演習：マーケティング技法(寄附講座),湘南藤沢,千葉 尚志,対面授業（主として対面授業）,ε22,月4,SFC;その他
研究会Ｂ(1),湘南藤沢,宮本 大輔,対面授業（主として対面授業）,ο16,火3,SFC
研究会Ｂ(2),湘南藤沢,宮本 大輔,対面授業（主として対面授業）,ο16,火4,SFC
英語インテンシブ１EA,湘南藤沢,ハイ， キャメロン Ｉ．,対面授業（主として対面授業）,λ23,"水1,2/金1,2",SFC;その他
研究会Ｂ(1),湘南藤沢,シェッダーディ， アキル,対面授業（主として対面授業）,λ24,水4,SFC
英語インテンシブ１EB,湘南藤沢,ヘニグマン， デイビッド,対面授業（主として対面授業）,ι14,"月1,2/水1,2",SFC;その他
英語インテンシブ１EC,湘南藤沢,オルファーズ， キース,対面授業（主として対面授業）,"水1:ε23, 水2:ε23, 金1:ι21, 金2:ι21","水1,2/金1,2",SFC
英語インテンシブ１ED,湘南藤沢,ヤナギ， ルスワティ,対面授業（主として対面授業）,"水1:κ13, 水2:κ13, 金1:κ17, 金2:κ17","水1,2/金1,2",SFC
研究会Ａ,湘南藤沢,中川 エリカ,対面授業（主として対面授業）,ﾃﾞｻﾞｲﾝｽﾀｼﾞｵ(森ｱﾄﾘｴ),"木3,4",SFC
働くこととジェンダー(GIGA),湘南藤沢,高橋 裕子,対面授業（主として対面授業）,ε23,木2,SFC
ジェンダーと社会経済,湘南藤沢,小泉 美果,対面授業（主として対面授業）,ι23,水5,SFC
エコクリティシズムと大衆文化(GIGA),湘南藤沢,マンロー・ホーテス， キャサリン,対面授業（主として対面授業）,τ11,月2,SFC
研究会Ａ,湘南藤沢,吉井 弘和,対面授業（主として対面授業）,κ11,"火4,5",SFC
ＥＳＧ投資とサステナブル経営(寄附講座),湘南藤沢,"保田 隆明, 福田 智美, 湯山 智教",対面授業（主として対面授業）,Ω22,月2,SFC
研究会Ａ,湘南藤沢,渡辺 将人,対面授業（主として対面授業）,κ21,"火4,5",SFC
フランス語スキル(フランス語を読む),湘南藤沢,宮代 康丈,対面授業（主として対面授業）,ο15,火3,SFC
研究会Ａ,湘南藤沢,細谷 浩美,対面授業（主として対面授業）,λ22,"月4,5",SFC
研究会Ｂ(1),湘南藤沢,内山 映子,対面授業（主として対面授業）,κ12,金4,SFC
研究会Ｂ(1),湘南藤沢,ヘニグマン， デイビッド,対面授業（主として対面授業）,ι14,月4,SFC
アカデミックライティング実践(GIGA/GG/GI),湘南藤沢,ボンジー， アラーナ Ｒ．,対面授業（主として対面授業）,ι16,火3,SFC
コラボレーション技法ワークショップ,湘南藤沢,玉村 雅敏,対面授業（主として対面授業）,ε11,"月1,2",SFC;その他
ネットワークコミュニケーション実践,湘南藤沢,田中 美乃里,対面授業（主として対面授業）,ε21,木2,SFC
研究会Ｂ(1),湘南藤沢,一ノ瀬 友博,対面授業（主として対面授業）,ο21,火4,SFC
研究会Ｂ(2),湘南藤沢,一ノ瀬 友博,対面授業（主として対面授業）,ο21,火5,SFC
ライティング技法ワークショップ,湘南藤沢,山田 ズーニー,対面授業（主として対面授業）,θ,火5,SFC
研究会Ｂ(1),湘南藤沢,黒田 裕樹,対面授業（主として対面授業）,τ11,金5,SFC
研究会Ｂ(2),湘南藤沢,黒田 裕樹,対面授業（主として対面授業）,ε22,火5,SFC;TTCK
地理学基礎,湘南藤沢,渡邊 圭一,対面授業（主として対面授業）,Ω12,月1,SFC
研究会Ｂ(2),湘南藤沢,清水 唯一朗,対面授業（主として対面授業）,κ22,木4,SFC
研究会Ｂ(1),湘南藤沢,清水 唯一朗,対面授業（主として対面授業）,κ14,火3,SFC
研究会Ｂ(1),湘南藤沢,渡辺 光博,対面授業（主として対面授業）,κ11,金5,SFC;その他
研究会Ｂ(2),湘南藤沢,渡辺 光博,対面授業（主として対面授業）,κ11,金6,SFC;その他
研究会Ｂ(1),湘南藤沢,國枝 孝弘,対面授業（主として対面授業）,λ24,木4,SFC
研究会Ｂ(1),湘南藤沢,金井 昭夫,対面授業（主として対面授業）,,金5,SFC;TTCK;その他
システムプログラミング基礎,湘南藤沢,楠本 博之,対面授業（主として対面授業）,ε11,木1,SFC
プロジェクト英語Ｃ(Writing)(GIGA/GG/GI),湘南藤沢,クベロ， ブライアン,対面授業（主として対面授業）,ο18,木2,SFC
研究会Ａ,湘南藤沢,千田 健太,対面授業（主として対面授業）,λ14,"月1,2",SFC
研究会Ａ,湘南藤沢,石川 光泰,対面授業（主として対面授業）,κ11,"木2,3",SFC
研究会Ａ,湘南藤沢,石渕 理恵子,対面授業（主として対面授業）,κ17,"火3,4",SFC
プロジェクト英語ＡEA02(Reading/Discussion),湘南藤沢,ホン， トゥアン,対面授業（主として対面授業）,ι17,金2,SFC
研究会Ａ,湘南藤沢,田島 英一,対面授業（主として対面授業）,ε12,"火3,4",SFC
プロジェクト英語Ａ(Presentation),湘南藤沢,ワイマン， ウォルター,対面授業（主として対面授業）,ε12,水2,SFC
フランス語インテンシブ１FB,湘南藤沢,"西川 葉澄, コルベイユ， スティーブ, シェッダーディ， アキル, マレシャル， ベアトリス",対面授業（主として対面授業）,"火2:ο21, 水2:κ14, 木2:λ24, 金1:λ16",火2/水2/木2/金1,SFC
プロジェクト英語Ａ(Oral Listening),湘南藤沢,クベロ， ブライアン,対面授業（主として対面授業）,ε24,水2,SFC
研究会Ａ,湘南藤沢,藁谷 郁美,対面授業（主として対面授業）,κ22,"月4,5",SFC;その他
プロジェクト英語Ａ(Speaking A),湘南藤沢,ホン， トゥアン,対面授業（主として対面授業）,ο18,火3,SFC
研究会Ｂ(1),湘南藤沢,秋山 美紀,対面授業（主として対面授業）,ε11,火4,SFC
研究会Ｂ(2),湘南藤沢,秋山 美紀,対面授業（主として対面授業）,ε11,火5,SFC
研究会Ｂ(2),湘南藤沢,柳町 功,対面授業（主として対面授業）,κ12,木4,SFC
研究会Ｂ(2),湘南藤沢,國枝 孝弘,対面授業（主として対面授業）,"ε21, ε23, ε24",金4,SFC
研究会Ａ,湘南藤沢,新保 史生,対面授業（主として対面授業）,ε24,"火4,5",SFC;その他
衣食住を取り巻く社会課題とイノベーション,湘南藤沢,内山 映子,対面授業（主として対面授業）,κ12,金3,SFC
研究会Ａ,湘南藤沢,中浜 優子,対面授業（主として対面授業）,λ24,"火3,4",SFC
研究会Ａ,湘南藤沢,諏訪 正樹,対面授業（主として対面授業）,ι308,"火4,5",SFC
プロジェクト英語Ａ(Oral Listening),湘南藤沢,クベロ， ブライアン,対面授業（主として対面授業）,ο18,木3,SFC
研究会Ａ,湘南藤沢,厳 網林,対面授業（主として対面授業）,ι13,"月4,5",SFC
研究会Ｂ(1),湘南藤沢,鄭 浩瀾,対面授業（主として対面授業）,λ23,金4,SFC;その他
情報基礎２,湘南藤沢,渡部 陽仁,対面授業（主として対面授業）,ε17,"水4,5",SFC
研究会Ｂ(1),湘南藤沢,服部 隆志,対面授業（主として対面授業）,ε22,木4,SFC
研究会Ｂ(2),湘南藤沢,服部 隆志,対面授業（主として対面授業）,ε22,木5,SFC
研究会Ｂ(1),湘南藤沢,大前 学,対面授業（主として対面授業）,ο12,月2,SFC
研究会Ｂ(2),湘南藤沢,大前 学,対面授業（主として対面授業）,ο12,月3,SFC
研究会Ａ,湘南藤沢,高汐 一紀,対面授業（主として対面授業）,λ18,"木4,5",SFC
研究会Ａ,湘南藤沢,中澤 仁,対面授業（主として対面授業）,ο22,"木2,3",SFC;その他
研究会Ａ,湘南藤沢,脇田 玲,対面授業（主として対面授業）,ε12,"金5,6",SFC;その他
研究会Ａ,湘南藤沢,青山 敦,対面授業（主として対面授業）,ο12,"火3,4",SFC
研究会Ａ,湘南藤沢,神成 淳司,対面授業（主として対面授業）,ε12,"月1,2",SFC
研究会Ｂ(1),湘南藤沢,内藤 泰宏,対面授業（主として対面授業）,ν棟-A,金5,SFC;TTCK
研究会Ｂ(2),湘南藤沢,内藤 泰宏,対面授業（主として対面授業）,ε22,火5,SFC;TTCK
フランス語インテンシブ２FC,湘南藤沢,"西川 葉澄, アガエス， ジュリアン, シルヴァ， ソニア Ｓ．, 中村 ひろみ",対面授業（主として対面授業）,"火3:ι21, 水2:ε21, 木1:λ24, 金2:κ13",火3/水2/木1/金2,SFC
マレー・インドネシア語ベーシック２,湘南藤沢,"フロレンティナ， エリカ Ａ．, バンバン， ルディアント",対面授業（主として対面授業）,"火3:ε24, 水3:κ21",火3/水3,SFC
研究会Ａ,湘南藤沢,大木 聖子,対面授業（主として対面授業）,ι11,"金2,3",SFC;その他
研究会Ａ,湘南藤沢,中室 牧子,対面授業（主として対面授業）,ι13,"火4,5",SFC
研究会Ａ,湘南藤沢,玉村 雅敏,対面授業（主として対面授業）,ε11,"月5,6",SFC
研究会Ａ,湘南藤沢,武田 圭史,対面授業（主として対面授業）,κ23,"木5,6",SFC
研究会Ａ,湘南藤沢,加藤 貴昭,対面授業（主として対面授業）,ε12,"木4,5",SFC;その他
研究会Ａ,湘南藤沢,飯盛 義徳,対面授業（主として対面授業）,τ12,"火4,5",SFC
研究会Ａ,湘南藤沢,井庭 崇,対面授業（主として対面授業）,ι11,"木4,5",SFC
研究会Ａ,湘南藤沢,仰木 裕嗣,対面授業（主として対面授業）,ο12,"木4,5",SFC
ドイツ語スキル,湘南藤沢,マイヤー， アンドレアス,対面授業（主として対面授業）,κ15,火4,SFC
ドイツ語スキル,湘南藤沢,小笠原 藤子,対面授業（主として対面授業）,κ15,水2,SFC
朝鮮語ベーシック１KB,湘南藤沢,"徐 旻廷, 阪堂 千津子",対面授業（主として対面授業）,"火3:ε18, 水3:ε16",火3/水3,SFC
朝鮮語スキル(総合),湘南藤沢,徐 銀永,対面授業（主として対面授業）,ι15,水2,SFC
朝鮮語スキル(会話),湘南藤沢,阪堂 千津子,対面授業（主として対面授業）,ε18,火2,SFC
研究会Ａ,湘南藤沢,桑原 武夫,対面授業（主として対面授業）,κ12,"火3,4",SFC
研究会Ａ,湘南藤沢,松川 昌平,対面授業（主として対面授業）,ﾃﾞｻﾞｲﾝｽﾀｼﾞｵ(森ｱﾄﾘｴ),"月5,6",SFC
研究会Ａ,湘南藤沢,加藤 文俊,対面授業（主として対面授業）,ﾃﾞｻﾞｲﾝｽﾀｼﾞｵ(DOCOMOﾊｳｽ),"火4,5",SFC
研究会Ｂ(1),湘南藤沢,柳町 功,対面授業（主として対面授業）,ε13,火4,SFC
研究会Ａ,湘南藤沢,ヴ， レ　タオ　チ,対面授業（主として対面授業）,λ14,火4/金4,SFC
研究会Ａ,湘南藤沢,田中 浩也,対面授業（主として対面授業）,Z303,"火6,7",SFC
研究会Ａ,湘南藤沢,楠本 博之,対面授業（主として対面授業）,ο15,"木4,5",SFC
モノと情報【学期前半】,湘南藤沢,清水 亮,対面授業（主として対面授業）,τ11,"金1,2",SFC;その他
スポーツ科学,湘南藤沢,千田 健太,対面授業（主として対面授業）,Ω21,金2,SFC
研究会Ａ,湘南藤沢,佐藤 豪竜,対面授業（主として対面授業）,ι13,"火4,5",SFC
統計解析[DS2],湘南藤沢,馬場 国博,対面授業（主として対面授業）,ι11,水1,SFC
確率[DS1],湘南藤沢,巴山 竜来,対面授業（主として対面授業）,κ23,火2,SFC
文化政策,湘南藤沢,渡辺 靖,対面授業（主として対面授業）,λ17,月4,SFC
ネットワークアーキテクチャ【学期前半】,湘南藤沢,植原 啓介,対面授業（主として対面授業）,ι11,"月4,5",SFC
総合政策学【学期前半】(GIGA/GG/GI),湘南藤沢,"加茂 具樹, ヴ， レ　タオ　チ, 川口 航史, 木原 盾, 渡辺 将人",対面授業（主として対面授業）,θ,月2,SFC
環境情報学【学期前半】(GIGA/GG/GI),湘南藤沢,"一ノ瀬 友博, 秋山 美紀, 荒川 和晴, 石川 初, 牛山 潤一, 大木 聖子, 大越 匡, 鈴木 治夫, バンミーター， ロドニー Ｄ．, 松川 昌平, 宮本 佳明, 和田 直樹",対面授業（主として対面授業）,κ23,木1,SFC
日本語インテンシブ３A,湘南藤沢,"伴野 崇生, 井野元 園花, 白頭 宏美",対面授業（主として対面授業）,"水1:λ24, 水2:λ24, 金1:λ14, 金2:λ14","水1,2/金1,2",SFC
地域と文化（欧州・ＣＩＳ）(GIGA/GG),湘南藤沢,マイヤー， アンドレアス,対面授業（主として対面授業）,ε22,金2,SFC
スポーツのデータサイエンス[DS2]【学期前半】,湘南藤沢,木下 倖一,対面授業（主として対面授業）,ι12,"水1,2",SFC
研究会Ｂ(1),湘南藤沢,伴野 崇生,対面授業（主として対面授業）,λ18,火5,SFC
パターンランゲージ(GIGA/GG/GI),湘南藤沢,井庭 崇,対面授業（主として対面授業）,τ12,木2,SFC
研究会Ｂ(1),湘南藤沢,巴山 竜来,対面授業（主として対面授業）,ι12,金3,SFC
研究会Ｂ(2),湘南藤沢,巴山 竜来,対面授業（主として対面授業）,ι12,金4,SFC
ＣＧと数学[DS2],湘南藤沢,巴山 竜来,対面授業（主として対面授業）,τ11,火4,SFC
農業環境論,湘南藤沢,"小島 希世子, 大津 愛梨",対面授業（主として対面授業）,Ω21,金3,SFC
スチューデントビルドキャンパス（ＳＢＣ）実践（出版）,湘南藤沢,"寺内 玲, 加藤 文俊",対面授業（主として対面授業）,ο22,月3,SFC
国際社会のデータサイエンス[DS2],湘南藤沢,中室 牧子,対面授業（主として対面授業）,ε17,火2,SFC
日本語インテンシブ１A,湘南藤沢,"西山 陽子, 富岡 花",対面授業（主として対面授業）,"水1:λ13, 水2:λ13, 金1:ο21, 金2:ο21","水1,2/金1,2",SFC
研究会Ｂ(1),湘南藤沢,サントーソ， ペトルス,対面授業（主として対面授業）,κ11,水4,SFC
プロジェクト英語Ｂ(Reading),湘南藤沢,オルファーズ， キース,対面授業（主として対面授業）,ε23,水3,SFC
研究会Ｂ(1),湘南藤沢,木原 盾,対面授業（主として対面授業）,λ17,火4,SFC
研究会Ｂ(2),湘南藤沢,木原 盾,対面授業（主として対面授業）,λ17,火5,SFC
プロジェクト英語Ａ(Oral Listening),湘南藤沢,ホン， トゥアン,対面授業（主として対面授業）,ι17,金3,SFC
知性と人生【学期前半】,湘南藤沢,清水 亮,対面授業（主として対面授業）,κ23,"金4,5",SFC
分子健康科学ワークショップ【学期前半】,湘南藤沢,渡辺 光博,対面授業（主として対面授業）,κ11,"木4,5",SFC;その他
研究会Ａ,湘南藤沢,藤田 元信,対面授業（主として対面授業）,ε11,"金4,5",SFC
研究会Ａ,湘南藤沢,山田 貴子,対面授業（主として対面授業）,ε21,"金2,3",SFC
情報基礎２,湘南藤沢,筒井 淳平,対面授業（主として対面授業）,ι18,"木4,5",SFC
研究会Ａ,湘南藤沢,島津 明人,対面授業（主として対面授業）,ο16,"金2,3",SFC
研究会Ａ,湘南藤沢,蟹江 憲史,対面授業（主として対面授業）,ε12,"木2,3",SFC;その他
微分・積分[DS1],湘南藤沢,萩野 達也,対面授業（主として対面授業）,ι23,火3,SFC
線形代数[DS1],湘南藤沢,星野 貴行,対面授業（主として対面授業）,Ω12,水3,SFC
研究会Ｂ(2),湘南藤沢,鄭 浩瀾,対面授業（主として対面授業）,λ23,金5,SFC;その他
研究会Ｂ(2),湘南藤沢,内山 映子,対面授業（主として対面授業）,ε11,火5,SFC
アナログ・デジタル電子回路基礎,湘南藤沢,高汐 一紀,対面授業（主として対面授業）,ο22,"金2,3",SFC
オブジェクト指向プログラミング基礎【学期後半】,湘南藤沢,中澤 仁,対面授業（主として対面授業）,ε12,"月3,4",SFC
政策立案論（実践）,湘南藤沢,"加茂 具樹, 多田 明弘, 福島 康仁, 松本 光弘",対面授業（主として対面授業）,τ11,火2,SFC
研究会Ａ,湘南藤沢,清水 たくみ,対面授業（主として対面授業）,κ22,"火4,5",SFC
研究会Ａ,湘南藤沢,和田 直樹,対面授業（主として対面授業）,κ21,"木3,4",SFC;その他
ソーシャルイノベーション,湘南藤沢,鈴木 寛,オンライン授業（主としてリアルタイム形式）,,木1,その他
研究会Ａ,湘南藤沢,清水 亮,対面授業（主として対面授業）,ﾃﾞｻﾞｲﾝｽﾀｼﾞｵ(DOCOMOﾊｳｽ),"木4,5",SFC;その他
生活者の社会参加【学期前半】,湘南藤沢,山田 貴子,対面授業（主として対面授業）,ο11,"木4,5",SFC
プロジェクト英語Ｂ(Oral Listening),湘南藤沢,サザーランド， サラ,対面授業（主として対面授業）,ι14,木2,SFC
プロジェクト英語ＢEB01(Oral Listening),湘南藤沢,オルファーズ， キース,対面授業（主として対面授業）,κ14,木3,SFC
プロジェクト英語Ｃ(Presentation)(GIGA/GG/GI),湘南藤沢,ハースト， チャールズ,対面授業（主として対面授業）,ι17,月2,SFC;その他
プロジェクト英語ＣEC02(Presentation)(GIGA/GG/GI),湘南藤沢,ベデロ， サイモン,対面授業（主として対面授業）,ι16,火1,SFC
プロジェクト英語ＣEC01(Presentation)(GIGA/GG/GI),湘南藤沢,ハースト， チャールズ,対面授業（主として対面授業）,ι17,月1,SFC;その他
プロジェクト英語Ｃ(Presentation)(GIGA/GG/GI),湘南藤沢,ハイ， キャメロン Ｉ．,対面授業（主として対面授業）,λ23,木2,SFC;その他
プロジェクト英語Ｃ(Translation)(GIGA/GG/GI),湘南藤沢,ワイマン， ウォルター,対面授業（主として対面授業）,ι13,木2,SFC
プロジェクト英語ＣEC02(Reading)(GIGA/GG/GI),湘南藤沢,ボンジー， アラーナ Ｒ．,対面授業（主として対面授業）,κ22,金1,SFC;その他
ライティング技法ワークショップ,湘南藤沢,斎藤 俊則,対面授業（主として対面授業）,κ11,火3,SFC
科学ライティングワークショップ,湘南藤沢,塚崎 朝子,対面授業（主として対面授業）,κ11,水3,SFC
研究会Ｂ(2),湘南藤沢,バンミーター， ロドニー Ｄ．,対面授業（主として対面授業）,λ13,木3,SFC
研究会Ｂ(1),湘南藤沢,バンミーター， ロドニー Ｄ．,対面授業（主として対面授業）,λ13,木2,SFC;その他
ＮＰＯの設立と経営【学期前半】,湘南藤沢,宮垣 元,対面授業（主として対面授業）,ο17,"木1,2",SFC
対人コミュニケーション実践,湘南藤沢,林 公輔,対面授業（主として対面授業）,κ12,月5,SFC
政策デザインワークショップ,湘南藤沢,清水 唯一朗,対面授業（主として対面授業）,κ14,火2,SFC
契約ワークショップ,湘南藤沢,柴原 多,対面授業（主として対面授業）,ι12,木1,SFC
立法技術論,湘南藤沢,海野 敦史,オンライン授業（主としてリアルタイム形式）,,水2,その他
情報基礎１(27),湘南藤沢,斎藤 俊則,対面授業（主として対面授業）,κ18,"火4,5",SFC
キャリア開発論,湘南藤沢,田村 寿浩,対面授業（主として対面授業）,Ω22,火2,SFC
コンピュータミュージック２,湘南藤沢,小林 良穂,対面授業（主として対面授業）,λ21,金3,SFC
都市と地域の未来,湘南藤沢,馬場 わかな,対面授業（主として対面授業）,κ11,金1,SFC
スペイン語ベーシック１,湘南藤沢,"新谷 ロクサナ, 高木 和子",対面授業（主として対面授業）,"火3:λ18, 木3:λ14",火3/木3,SFC
インターネット(GIGA/GG/GI),湘南藤沢,"中村 修, 工藤 紀篤",対面授業（主として対面授業）,ε12,火2,SFC
仕事と社会【学期後半】,湘南藤沢,吉澤 康代,対面授業（主として対面授業）,τ11,"月3,4",SFC;その他
組織戦略（組織設計と変革）,湘南藤沢,清水 たくみ,オンライン授業（主としてリアルタイム形式）,,木2,その他
ネットワークコミュニケーション実践,湘南藤沢,木幡 敬史,オンライン授業（主としてリアルタイム形式）,,木4,その他
リーガルワークショップ,湘南藤沢,水野 祐,対面授業（主として対面授業）,ι22,月3,SFC
ヒューリスティックコンピューティング,湘南藤沢,関 喜史,対面授業（主として対面授業）,ο12,水3,SFC
公共政策(GIGA/GG/GI),湘南藤沢,吉井 弘和,対面授業（主として対面授業）,ε11,火2,SFC
プレゼンテーション技法,湘南藤沢,山田 ズーニー,対面授業（主として対面授業）,θ,火4,SFC
ヒューマンキャピタル論,湘南藤沢,鎌田 華乃子,対面授業（主として対面授業）,τ12,火2,SFC
リーガルライティング(GIGA/GG/GI),湘南藤沢,長谷川 福造,対面授業（主として対面授業）,ε13,金2,SFC;その他
システムプログラミング基礎(GIGA/GG/GI),湘南藤沢,三次 仁,対面授業（主として対面授業）,ε23,月1,SFC
朝鮮語ベーシック２,湘南藤沢,"中島 仁, 許 秦",対面授業（主として対面授業）,"月5:λ16, 水5:ε11",月5/水5,SFC
戦略的交渉論,湘南藤沢,印南 一路,対面授業（主として対面授業）,κ23,月2,SFC
組織コミュニケーション,湘南藤沢,小山 健太,対面授業（主として対面授業）,Ω11,木2,SFC
インタビュー法,湘南藤沢,鎌田 華乃子,対面授業（主として対面授業）,τ11,木2,SFC
デザインスタジオ（都市と建築）,湘南藤沢,"小林 博人, 石山 さつき, 長谷川 龍友",対面授業（主として対面授業）,βｽﾀｼﾞｵ,"月2,3",SFC;その他
情報デザイン基礎,湘南藤沢,丸山 新,対面授業（主として対面授業）,βﾄﾞｰﾑ,月2,SFC
情報デザイン基礎,湘南藤沢,丸山 新,対面授業（主として対面授業）,βﾄﾞｰﾑ,月3,SFC
数理モデル[DS2](GIGA/GG/GI),湘南藤沢,仲谷 正史,対面授業（主として対面授業）,τ12,火3,SFC
スクリプト言語プログラミング基礎,湘南藤沢,服部 隆志,対面授業（主として対面授業）,κ18,金2,SFC
デザインスタジオ基礎,湘南藤沢,"菊地 豊栄, 鳴川 肇, 山本 至",対面授業（主として対面授業）,βｽﾀｼﾞｵ,"火3,4",SFC;その他
確率[DS1](GIGA/GG/GI),湘南藤沢,堺 正太朗,対面授業（主として対面授業）,Ω22,月1,SFC
スペイン語ベーシック２,湘南藤沢,"手塚 進, プリエト， ベロニカ Ｍ．",対面授業（主として対面授業）,λ14,"水2,3",SFC
フィールドワーク法,湘南藤沢,加藤 文俊,対面授業（主として対面授業）,κ18,木2,SFC
デザインスタディーズ,湘南藤沢,中川 エリカ,対面授業（主として対面授業）,Ω21,木2,SFC;その他
Ｗｅｂデザインとマネジメント(GIGA/GG/GI),湘南藤沢,武田 圭史,対面授業（主として対面授業）,Ω21,木3,SFC
コンピュータミュージック１,湘南藤沢,魚住 勇太,対面授業（主として対面授業）,λ21,金2,SFC;その他
空間分析,湘南藤沢,"厳 網林, 広瀬 和世, 古谷 知之",対面授業（主として対面授業）,τ12,"木3,4",SFC
数理モデル[DS2],湘南藤沢,仲谷 正史,対面授業（主として対面授業）,ο11,月3,SFC
中国語ベーシック３,湘南藤沢,"郭 嘉イ, 郭 夢ギョウ",対面授業（主として対面授業）,"月3:ε15, 火4:ε16",月3/火4,SFC
電子工作【学期前半】,湘南藤沢,矢島 佳澄,対面授業（主として対面授業）,"ο23, ο24","木3,4",SFC
フランス語スキル(文法),湘南藤沢,國枝 孝弘,対面授業（主として対面授業）,ε16,金2,SFC
微分・積分[DS1],湘南藤沢,清水 達郎,対面授業（主として対面授業）,Ω12,月2,SFC
フランス語インテンシブ２FA,湘南藤沢,"シェッダーディ， アキル, デュレンベルジェ， ヴァンサン, 中村 ひろみ, 山根 祐佳",対面授業（主として対面授業）,"火2:ι21, 水2:ι16, 木2:κ22, 金2:ι22",火2/水2/木2/金2,SFC
アラビア語ベーシック１,湘南藤沢,"アルマンスール， アフマド, 兼定 愛",対面授業（主として対面授業）,"水3:ε12, 木3:ε17",水3/木3,SFC
ドイツ語ベーシック１GA,湘南藤沢,"中川 純子, クンスト， ダグマー",対面授業（主として対面授業）,"月4:κ13, 金3:κ14",月4/金3,SFC
ドイツ語ベーシック２GA,湘南藤沢,"中川 純子, 山田・クロッツ， マティアス　ダニエル",対面授業（主として対面授業）,"水3:κ16, 金4:κ14",水3/金4,SFC
フランス語インテンシブ１FA,湘南藤沢,"シェッダーディ， アキル, ガイヤル， ニコラ, 常盤 僚子, 中尾 和美",対面授業（主として対面授業）,"火1:ι13, 水1:ι22, 木2:ι17, 金2:λ13",火1/水1/木2/金2,SFC
プログラミング方法論【学期前半】,湘南藤沢,中澤 仁,対面授業（主として対面授業）,ε12,"月3,4",SFC
モノ創り実験工房,湘南藤沢,"大前 学, 神成 淳司, 高汐 一紀",対面授業（主として対面授業）,"ο23, ο24","月4,5",SFC
イタリア語ベーシック１B,湘南藤沢,"三森 のぞみ, チヴィティッロ， パトリツィア",対面授業（主として対面授業）,ι22,火4/木4,SFC
イタリア語ベーシック１A,湘南藤沢,"三森 のぞみ, チヴィティッロ， パトリツィア",対面授業（主として対面授業）,ι22,火3/木3,SFC
プロジェクト英語Ａ(Oral Listening),湘南藤沢,ホン， トゥアン,対面授業（主として対面授業）,ο15,水1,SFC
ドイツ語インテンシブ２GB,湘南藤沢,"藁谷 郁美, グラスミュック， マルクス, ブリュックナー， ステファン Ｗ．, 山田・クロッツ， マティアス　ダニエル",対面授業（主として対面授業）,"月1:κ14, 火2:κ16, 水2:κ16, 金1:κ15",月1/火2/水2/金1,SFC
フランス語ベーシック２B,湘南藤沢,"ガイヤル， ニコラ, 澁谷 与文",対面授業（主として対面授業）,"火3:ι13, 木4:λ17",火3/木4,SFC
マレー・インドネシア語ベーシック１,湘南藤沢,"サントーソ， ペトルス, 二重作 和代",対面授業（主として対面授業）,"水2:ο17, 木3:ε24",水2/木3,SFC
フランス語スキル(フランス語でプロジェクト),湘南藤沢,シェッダーディ， アキル,対面授業（主として対面授業）,ι17,木3,SFC
フランス語インテンシブ４FA,湘南藤沢,"シェッダーディ， アキル, ヴィアート， クロエ, コルベイユ， スティーブ, 野崎 夏生",対面授業（主として対面授業）,"火3:ο21, 水1:κ14, 木2:ε15, 金2:λ17",火3/水1/木2/金2,SFC
フランス語スキル(専門表現のフランス語),湘南藤沢,ドマジ， サシャ,対面授業（主として対面授業）,ε16,木2,SFC
フランス語ベーシック１FA,湘南藤沢,"野崎 夏生, アガエス， ジュリアン",対面授業（主として対面授業）,"水3:ε21, 金3:λ17",水3/金3,SFC
ビジネスのデータサイエンス[DS2]【学期後半】,湘南藤沢,桑原 武夫,対面授業（主として対面授業）,κ12,"火1,2",SFC;その他
情報基礎２,湘南藤沢,山本 穂奈美,対面授業（主として対面授業）,ε21,"火4,5",SFC
ベイズ統計[DS2],湘南藤沢,シュナイダー， ジヤン　ヨナス,対面授業（主として対面授業）,ι11,水3,SFC;その他
ロシア語ベーシック１,湘南藤沢,"田中 孝史, シラヴァ， スヴィトラーナ",対面授業（主として対面授業）,"月2:κ21, 金2:ι13",月2/金2,SFC
イタリア語ベーシック２,湘南藤沢,"三森 のぞみ, チヴィティッロ， パトリツィア",対面授業（主として対面授業）,ι22,火2/木2,SFC
中国語ベーシック１CB,湘南藤沢,"華 金玲, 郭 嘉イ",対面授業（主として対面授業）,"火3:ε16, 金3:ε18",火3/金3,SFC
中国語ベーシック１CA,湘南藤沢,"新田 順一, 楊 寧",対面授業（主として対面授業）,"火3:ε15, 水3:κ17",火3/水3,SFC
ドイツ語インテンシブ２GA,湘南藤沢,"クンスト， ダグマー, 小笠原 藤子, 佐藤 友紀子, ノイバー， ミヒャエル",対面授業（主として対面授業）,"月2:κ13, 火1:κ15, 水1:κ15, 金2:κ15",月2/火1/水1/金2,SFC
ドイツ語インテンシブ３GA,湘南藤沢,"マイヤー， アンドレアス, グラスミュック， マルクス, ノイバー， ミヒャエル, ホイサーマン， ペーター",対面授業（主として対面授業）,"月2:κ14, 火5:κ15, 金2:κ16, 金3:κ16","月2/火5/金2,3",SFC;その他
中国語インテンシブ１CA,湘南藤沢,"リュウ ロ, 王 暁音, 佐々木 聡, 楊 洲",対面授業（主として対面授業）,"月1:ε16, 火2:κ21, 水1:ο12, 金2:ι12",月1/火2/水1/金2,SFC
イタリア語ベーシック１C,湘南藤沢,"三森 のぞみ, チヴィティッロ， パトリツィア",対面授業（主として対面授業）,ι22,火5/木5,SFC
中国語インテンシブ２CB,湘南藤沢,"川田 健, 王 暁音, 金牧 功大, 韓 氷",対面授業（主として対面授業）,"月2:ι13, 火1:κ21, 水2:ι13, 金1:ι13",月2/火1/水2/金1,SFC
フランス語スキル(口語翻訳演習),湘南藤沢,中尾 和美,対面授業（主として対面授業）,λ13,金3,SFC
"フランス語スキル(Analyser, argumenter et structurer)",湘南藤沢,シルヴァ， ソニア Ｓ．,対面授業（主として対面授業）,κ13,金4,SFC
都市と地域の未来,湘南藤沢,横山 大輔,対面授業（主として対面授業）,ε21,木1,SFC
経営分析【学期前半】(GIGA/GG/GI),湘南藤沢,保田 隆明,対面授業（主として対面授業）,θ,"金3,4",SFC
実践リーダーシップ論【学期前半】,湘南藤沢,"藁谷 郁美, 清水 たくみ",対面授業（主として対面授業）,κ23,木4,SFC
社会の中の科学技術概論【学期前半】,湘南藤沢,大木 聖子,対面授業（主として対面授業）,ι23,"火1,2",SFC
研究会Ａ,湘南藤沢,保田 隆明,対面授業（主として対面授業）,ε23,"月4,5",SFC
研究会Ａ,湘南藤沢,林 公輔,対面授業（主として対面授業）,λ13,"火1,2",SFC
文化進化論(GIGA/GI),湘南藤沢,サベジ， パトリック Ｅ．,オンライン授業（主としてリアルタイム形式）,,火1,SFC
データサイエンス特別講義Ａ[DS2],湘南藤沢,"川島 英之, 鯉渕 道紘, 吉田 直紀",対面授業（主として対面授業）,ι23,木3,SFC
宇宙安全保障(GIGA),湘南藤沢,福島 康仁,対面授業（主として対面授業）,λ18,火4,SFC
研究会Ａ,湘南藤沢,齊藤 邦史,オンライン授業（主としてリアルタイム形式）,,"火3,4",SFC;その他
研究会Ｂ(1),湘南藤沢,山田 彬尭,対面授業（主として対面授業）,λ17,月5,SFC
研究会Ｂ(2),湘南藤沢,山田 彬尭,対面授業（主として対面授業）,λ17,金5,SFC
研究会Ｂ(1),湘南藤沢,川口 航史,対面授業（主として対面授業）,λ14,月5,SFC
研究会Ｂ(2),湘南藤沢,川口 航史,対面授業（主として対面授業）,ε23,木3,SFC
研究会Ｂ(1),湘南藤沢,福島 康仁,対面授業（主として対面授業）,κ17,月4,SFC
研究会Ｂ(2),湘南藤沢,福島 康仁,対面授業（主として対面授業）,κ17,月5,SFC
文化と精神療法(GIGA/GI),湘南藤沢,林 公輔,対面授業（主として対面授業）,κ12,月4,SFC
研究会Ｂ(1),湘南藤沢,高橋 裕子,対面授業（主として対面授業）,κ13,火3,SFC
研究会Ｂ(2),湘南藤沢,高橋 裕子,対面授業（主として対面授業）,ε23,木4,SFC
共生社会のデザイン,湘南藤沢,内山 映子,対面授業（主として対面授業）,ι23,木4,SFC
研究会Ｂ(1),湘南藤沢,北川 敬三,対面授業（主として対面授業）,κ14,月4,SFC
研究会Ｂ(2),湘南藤沢,北川 敬三,対面授業（主として対面授業）,κ14,月5,SFC
研究会Ｂ(1),湘南藤沢,清水 達郎,対面授業（主として対面授業）,ι22,月4,SFC
研究会Ｂ(2),湘南藤沢,清水 達郎,対面授業（主として対面授業）,ι22,月5,SFC
研究会Ａ,湘南藤沢,堺 正太朗,対面授業（主として対面授業）,ο15,"月3,4",SFC
研究会Ａ,湘南藤沢,海野 敦史,対面授業（主として対面授業）,κ13,"火4,5",SFC
研究会Ｂ(1),湘南藤沢,鎌田 華乃子,対面授業（主として対面授業）,κ16,火4,SFC
研究会Ｂ(2),湘南藤沢,鎌田 華乃子,対面授業（主として対面授業）,κ16,木4,SFC
メディア論（ドイツ語圏）,湘南藤沢,藁谷 郁美,対面授業（主として対面授業）,κ16,火3,SFC;その他
ドイツ語コンテンツ,湘南藤沢,藁谷 郁美,対面授業（主として対面授業）,κ16,火3,SFC;その他
ＤＸ時代の自動車流通論(寄附講座),湘南藤沢,"古谷 知之, 中島 有希大",対面授業（主として対面授業）,Ω12,火4,SFC
マクロ経済２(GIGA/GG),湘南藤沢,和田 龍磨,対面授業（主として対面授業）,ε13,火1,SFC;その他
理論言語学入門（統語論）：ことばの構造を可視化する(GIGA/GI),湘南藤沢,山田 彬尭,対面授業（主として対面授業）,κ11,金3,SFC
